8d782c,14.141.173.146,GET,http://54.201.116.40/agent_panel_pro/web/app_dev.php/,1424968508,
434780,14.141.173.146,POST,http://54.201.116.40/agent_panel_pro/web/app_dev.php/,1424968513,
8eb2c2,14.141.173.146,GET,http://54.201.116.40/agent_panel_pro/web/app_dev.php/dashboard,1424968514,
1a6e85,14.141.173.146,GET,http://54.201.116.40/agent_panel_pro/web/app_dev.php/dashboard,1424968830,
5986da,14.141.173.146,GET,http://54.201.116.40/agent_panel_pro/web/app_dev.php/,1424968837,
327736,14.141.173.146,GET,http://54.201.116.40/agent_panel_pro/web/app_dev.php/,1424969031,
96f4cc,14.141.173.146,POST,http://54.201.116.40/agent_panel_pro/web/app_dev.php/,1424969034,
58941c,14.141.173.146,GET,http://54.201.116.40/agent_panel_pro/web/app_dev.php/dashboard,1424969034,
310c16,14.141.173.146,GET,http://54.201.116.40/agent_panel_pro/web/app_dev.php/dashboard,1424969377,
efc2cd,14.141.173.146,GET,http://54.201.116.40/agent_panel_pro/web/app_dev.php/,1424969615,
2fee6b,14.141.173.146,GET,http://54.201.116.40/agent_panel_pro/web/app_dev.php/,1424969683,
08c9b2,14.141.173.146,GET,http://54.201.116.40/agent_panel_pro/web/app_dev.php/,1424970005,
7062d4,14.141.173.146,GET,http://54.201.116.40/agent_panel_pro/web/app_dev.php/,1424970005,
f4309e,14.141.173.146,GET,http://54.201.116.40/agent_panel_pro/web/app_dev.php/,1424970271,
48e3a3,14.141.173.146,GET,http://54.201.116.40/agent_panel_pro/web/app_dev.php/,1424970271,
ddc376,14.141.173.146,GET,http://54.201.116.40/agent_panel_pro/web/app_dev.php/,1424970371,
52898a,14.141.173.146,GET,http://54.201.116.40/agent_panel_pro/web/app_dev.php/,1424970371,
6cde64,14.141.173.146,GET,http://54.201.116.40/agent_panel_pro/web/app_dev.php/,1424970530,
8b14d0,14.141.173.146,GET,http://54.201.116.40/agent_panel_pro/web/app_dev.php/,1424970530,
1f7675,14.141.173.146,GET,http://54.201.116.40/agent_panel_pro/web/app_dev.php/,1424970555,
560900,14.141.173.146,GET,http://54.201.116.40/agent_panel_pro/web/app_dev.php/,1424970555,
8c6c2c,14.141.173.146,GET,http://54.201.116.40/agent_panel_pro/web/app_dev.php/,1424970684,
fddddf,14.141.173.146,GET,http://54.201.116.40/agent_panel_pro/web/app_dev.php/,1424970712,
caf4cd,14.141.173.146,GET,http://54.201.116.40/agent_panel_pro/web/app_dev.php/,1424970712,
818a62,14.141.173.146,GET,http://54.201.116.40/agent_panel_pro/web/app_dev.php/,1424970971,
c749cc,14.141.173.146,GET,http://54.201.116.40/agent_panel_pro/web/app_dev.php/,1424970971,
65125c,14.141.173.146,GET,http://54.201.116.40/agent_panel_pro/web/app_dev.php/,1424970998,
e32067,14.141.173.146,GET,http://54.201.116.40/agent_panel_pro/web/app_dev.php/,1424971060,
ce6b5a,14.141.173.146,GET,http://54.201.116.40/agent_panel_pro/web/app_dev.php/,1424971322,
1245b0,14.141.173.146,GET,http://54.201.116.40/agent_panel_pro/web/app_dev.php/,1424971343,
e6ca5d,14.141.173.146,GET,http://54.201.116.40/agent_panel_pro/web/app_dev.php/,1425036716,
e6e850,14.141.173.146,GET,http://54.201.116.40/agent_panel_pro/web/app_dev.php/,1425037018,
a348e2,14.141.173.146,GET,http://54.201.116.40/agent_panel_pro/web/app_dev.php/,1425037102,
1a4722,14.141.173.146,GET,http://54.201.116.40/agent_panel_pro/web/app_dev.php/,1425037139,
4b5266,14.141.173.146,GET,http://54.201.116.40/agent_panel_pro/web/app_dev.php/,1425037349,
51ac4e,14.141.173.146,GET,http://54.201.116.40/agent_panel_pro/web/app_dev.php/,1425037976,
868e36,14.141.173.146,POST,http://54.201.116.40/agent_panel_pro/web/app_dev.php/,1425037989,
cecb80,14.141.173.146,GET,http://54.201.116.40/agent_panel_pro/web/app_dev.php/dashboard,1425037989,
25e509,14.141.173.146,GET,http://54.201.116.40/agent_panel_pro/web/app_dev.php/,1425038312,
3ffc34,14.141.173.146,POST,http://54.201.116.40/agent_panel_pro/web/app_dev.php/,1425038864,
bf2cca,14.141.173.146,GET,http://54.201.116.40/agent_panel_pro/web/app_dev.php/dashboard,1425038865,
9d7bdb,14.141.173.146,GET,http://54.201.116.40/agent_panel_pro/web/app_dev.php/logout,1425038880,
74a034,14.141.173.146,GET,http://54.201.116.40/agent_panel_pro/web/app_dev.php/,1425038880,
94ee76,14.141.173.146,GET,http://54.201.116.40/agent_panel_pro/web/app_dev.php/,1425039550,
ea7287,14.141.173.146,POST,http://54.201.116.40/agent_panel_pro/web/app_dev.php/,1425039614,
22ae25,14.141.173.146,GET,http://54.201.116.40/agent_panel_pro/web/app_dev.php/,1425039615,
23b491,14.141.173.146,POST,http://54.201.116.40/agent_panel_pro/web/app_dev.php/,1425039621,
90af4b,14.141.173.146,GET,http://54.201.116.40/agent_panel_pro/web/app_dev.php/dashboard,1425039621,
b8744f,14.141.173.146,GET,http://54.201.116.40/agent_panel_pro/web/app_dev.php/logout,1425039624,
ea7805,14.141.173.146,GET,http://54.201.116.40/agent_panel_pro/web/app_dev.php/,1425039625,
aadb2c,14.141.173.146,POST,http://54.201.116.40/agent_panel_pro/web/app_dev.php/,1425039641,
e27343,14.141.173.146,GET,http://54.201.116.40/agent_panel_pro/web/app_dev.php/dashboard,1425039642,
f96c2f,14.141.173.146,GET,http://54.201.116.40/agent_panel_pro/web/app_dev.php/theme,1425039650,
40baba,14.141.173.146,GET,http://54.201.116.40/agent_panel_pro/web/app_dev.php/theme,1425039650,
047010,14.141.173.146,GET,http://54.201.116.40/agent_panel_pro/web/app_dev.php/logout,1425039670,
17b633,14.141.173.146,GET,http://54.201.116.40/agent_panel_pro/web/app_dev.php/,1425039671,
b6b169,14.141.173.146,POST,http://54.201.116.40/agent_panel_pro/web/app_dev.php/,1425039675,
a87b56,14.141.173.146,GET,http://54.201.116.40/agent_panel_pro/web/app_dev.php/dashboard,1425039676,
3ab031,14.141.173.146,GET,http://54.201.116.40/agent_panel_pro/web/app_dev.php/theme,1425039695,
a6d036,14.141.173.146,GET,http://54.201.116.40/agent_panel_pro/web/app_dev.php/theme,1425039695,
860812,14.141.173.146,GET,http://54.201.116.40/agent_panel_pro/web/app_dev.php/logout,1425039704,
a54d98,14.141.173.146,GET,http://54.201.116.40/agent_panel_pro/web/app_dev.php/,1425039705,
bc38f1,14.141.173.146,POST,http://54.201.116.40/agent_panel_pro/web/app_dev.php/,1425039714,
a02ece,14.141.173.146,GET,http://54.201.116.40/agent_panel_pro/web/app_dev.php/,1425039715,
cc4853,14.141.173.146,POST,http://54.201.116.40/agent_panel_pro/web/app_dev.php/,1425040021,
9f01a4,14.141.173.146,GET,http://54.201.116.40/agent_panel_pro/web/app_dev.php/dashboard,1425040021,
dbb150,14.141.173.146,GET,http://54.201.116.40/agent_panel_pro/web/app_dev.php/dashboard,1425040059,
2742b3,14.141.173.146,GET,http://54.201.116.40/agent_panel_pro/web/app_dev.php/dashboard,1425040059,
dcfd09,14.141.173.146,GET,http://54.201.116.40/agent_panel_pro/web/app_dev.php/dashboard,1425040135,
cbd41f,14.141.173.146,GET,http://54.201.116.40/agent_panel_pro/web/app_dev.php/dashboard,1425040191,
8178b3,14.141.173.146,GET,http://54.201.116.40/agent_panel_pro/web/app_dev.php/dashboard,1425040246,
febbe9,14.141.173.146,GET,http://54.201.116.40/agent_panel_pro/web/app_dev.php/logout,1425040255,
e3412b,14.141.173.146,GET,http://54.201.116.40/agent_panel_pro/web/app_dev.php/,1425040256,
62c0e3,14.141.173.146,POST,http://54.201.116.40/agent_panel_pro/web/app_dev.php/,1425040265,
efb88d,14.141.173.146,GET,http://54.201.116.40/agent_panel_pro/web/app_dev.php/,1425040267,
c508d1,14.141.173.146,POST,http://54.201.116.40/agent_panel_pro/web/app_dev.php/,1425040273,
b8f753,14.141.173.146,GET,http://54.201.116.40/agent_panel_pro/web/app_dev.php/,1425040275,
4c90ea,14.141.173.146,GET,http://54.201.116.40/agent_panel_pro/web/app_dev.php/,1425040511,
7b9b7f,14.141.173.146,POST,http://54.201.116.40/agent_panel_pro/web/app_dev.php/,1425040511,
380df0,14.141.173.146,GET,http://54.201.116.40/agent_panel_pro/web/app_dev.php/,1425040511,
10b28e,14.141.173.146,POST,http://54.201.116.40/agent_panel_pro/web/app_dev.php/,1425040511,
eba47a,14.141.173.146,POST,http://54.201.116.40/agent_panel_pro/web/app_dev.php/,1425040587,
2eae9b,14.141.173.146,GET,http://54.201.116.40/agent_panel_pro/web/app_dev.php/,1425040588,
a4323c,14.141.173.146,POST,http://54.201.116.40/agent_panel_pro/web/app_dev.php/,1425040593,
e492e1,14.141.173.146,GET,http://54.201.116.40/agent_panel_pro/web/app_dev.php/dashboard,1425040593,
b465be,14.141.173.146,GET,http://54.201.116.40/agent_panel_pro/web/app_dev.php/logout,1425041022,
72843c,14.141.173.146,GET,http://54.201.116.40/agent_panel_pro/web/app_dev.php/,1425041023,
216816,14.141.173.146,POST,http://54.201.116.40/agent_panel_pro/web/app_dev.php/,1425041066,
84cd05,14.141.173.146,GET,http://54.201.116.40/agent_panel_pro/web/app_dev.php/dashboard,1425041066,
f9fc6b,14.141.173.146,GET,http://54.201.116.40/agent_panel_pro/web/app_dev.php/logout,1425041071,
c9abc5,14.141.173.146,GET,http://54.201.116.40/agent_panel_pro/web/app_dev.php/,1425041072,
28add5,14.141.173.146,POST,http://54.201.116.40/agent_panel_pro/web/app_dev.php/,1425041079,
cba5b1,14.141.173.146,GET,http://54.201.116.40/agent_panel_pro/web/app_dev.php/dashboard,1425041080,
8b6129,14.141.173.146,GET,http://54.201.116.40/agent_panel_pro/web/app_dev.php/resellerlist,1425041085,
b9f8bf,14.141.173.146,POST,http://54.201.116.40/agent_panel_pro/web/app_dev.php/resellers?id=2,1425041090,
970f3d,14.141.173.146,GET,http://54.201.116.40/agent_panel_pro/web/app_dev.php/logout,1425041129,
58308c,14.141.173.146,GET,http://54.201.116.40/agent_panel_pro/web/app_dev.php/,1425041130,
d527bb,14.141.173.146,POST,http://54.201.116.40/agent_panel_pro/web/app_dev.php/,1425041133,
167ddb,14.141.173.146,GET,http://54.201.116.40/agent_panel_pro/web/app_dev.php/dashboard,1425041133,
f79d16,14.141.173.146,GET,http://54.201.116.40/agent_panel_pro/web/app_dev.php/logout,1425041164,
0adcd4,14.141.173.146,GET,http://54.201.116.40/agent_panel_pro/web/app_dev.php/,1425041165,
4834e2,14.141.173.146,GET,http://54.201.116.40/agent_panel_pro/web/app_dev.php/dashboard,1425055416,
22d779,14.141.173.146,GET,http://54.201.116.40/agent_panel_pro/web/app_dev.php/dashboard,1425055445,
a3ca0e,14.141.173.146,GET,http://54.201.116.40/agent_panel_pro/web/app_dev.php/,1425055453,
f94089,14.141.173.146,POST,http://54.201.116.40/agent_panel_pro/web/app_dev.php/,1425055553,
3c23a6,14.141.173.146,GET,http://54.201.116.40/agent_panel_pro/web/app_dev.php/,1425055554,
46ea07,14.141.173.146,POST,http://54.201.116.40/agent_panel_pro/web/app_dev.php/,1425055560,
c3c862,14.141.173.146,GET,http://54.201.116.40/agent_panel_pro/web/app_dev.php/,1425055562,
b23280,14.141.173.146,POST,http://54.201.116.40/agent_panel_pro/web/app_dev.php/,1425055569,
53ca4a,14.141.173.146,GET,http://54.201.116.40/agent_panel_pro/web/app_dev.php/,1425055571,
6d69c2,14.141.173.146,POST,http://54.201.116.40/agent_panel_pro/web/app_dev.php/,1425055792,
b95afb,14.141.173.146,GET,http://54.201.116.40/agent_panel_pro/web/app_dev.php/,1425055794,
6c11a9,14.141.173.146,POST,http://54.201.116.40/agent_panel_pro/web/app_dev.php/,1425055799,
08c75b,14.141.173.146,GET,http://54.201.116.40/agent_panel_pro/web/app_dev.php/,1425055799,
dfc206,14.141.173.146,POST,http://54.201.116.40/agent_panel_pro/web/app_dev.php/,1425055810,
06a970,14.141.173.146,GET,http://54.201.116.40/agent_panel_pro/web/app_dev.php/,1425055812,
fa2b75,14.141.173.146,POST,http://54.201.116.40/agent_panel_pro/web/app_dev.php/,1425055816,
917391,14.141.173.146,GET,http://54.201.116.40/agent_panel_pro/web/app_dev.php/,1425055818,
87a3d0,14.141.173.146,POST,http://54.201.116.40/agent_panel_pro/web/app_dev.php/,1425055824,
5e9267,14.141.173.146,GET,http://54.201.116.40/agent_panel_pro/web/app_dev.php/,1425055826,
365e28,14.141.173.146,POST,http://54.201.116.40/agent_panel_pro/web/app_dev.php/,1425055976,
e6957d,14.141.173.146,GET,http://54.201.116.40/agent_panel_pro/web/app_dev.php/dashboard,1425055977,
1ef679,14.141.173.146,GET,http://54.201.116.40/agent_panel_pro/web/app_dev.php/logout,1425055985,
0327fa,14.141.173.146,GET,http://54.201.116.40/agent_panel_pro/web/app_dev.php/,1425055986,
08ed01,14.141.173.146,POST,http://54.201.116.40/agent_panel_pro/web/app_dev.php/,1425055992,
fec3c4,14.141.173.146,GET,http://54.201.116.40/agent_panel_pro/web/app_dev.php/,1425055993,
22bdce,14.141.173.146,GET,http://54.201.116.40/agent_panel_pro/web/app_dev.php/,1425123431,
4e61cb,14.141.173.146,GET,http://54.201.116.40/agent_panel_pro/web/app_dev.php/,1425123441,
ff9a33,14.141.173.146,POST,http://54.201.116.40/agent_panel_pro/web/app_dev.php/,1425123444,
d7f0d2,14.141.173.146,GET,http://54.201.116.40/agent_panel_pro/web/app_dev.php/dashboard,1425123445,
bb3c10,14.141.173.146,GET,http://54.201.116.40/agent_panel_pro/web/app_dev.php/dashboard,1425124476,
d57b6f,14.141.173.146,GET,http://54.201.116.40/agent_panel_pro/web/app_dev.php/dashboard,1425125374,
eea918,14.141.173.146,GET,http://54.201.116.40/agent_panel_pro/web/app_dev.php/dashboard,1425125391,
6c49ef,14.141.173.146,GET,http://54.201.116.40/agent_panel_pro/web/app_dev.php/,1425293913,
3b7c3b,14.141.173.146,POST,http://54.201.116.40/agent_panel_pro/web/app_dev.php/,1425294647,
991e99,14.141.173.146,GET,http://54.201.116.40/agent_panel_pro/web/app_dev.php/dashboard,1425294648,
9f36b1,14.141.173.146,GET,http://54.201.116.40/agent_panel_pro/web/app_dev.php/addaccount,1425294697,
7eec10,14.141.173.146,GET,http://54.201.116.40/agent_panel_pro/web/app_dev.php/addaccount,1425295059,
bfc565,14.141.173.146,GET,http://54.201.116.40/agent_panel_pro/web/app_dev.php/addaccount,1425295059,
fd72fe,14.141.173.146,GET,http://54.201.116.40/agent_panel_pro/web/app_dev.php/addaccount,1425295086,
1327c8,14.141.173.146,GET,http://54.201.116.40/agent_panel_pro/web/app_dev.php/addaccount,1425295132,
70ced0,14.141.173.146,GET,http://54.201.116.40/agent_panel_pro/web/app_dev.php/account_setting,1425296943,
3db4ce,14.141.173.146,GET,http://54.201.116.40/agent_panel_pro/web/app_dev.php/account_setting,1425296944,
698528,14.141.173.146,GET,http://54.201.116.40/agent_panel_pro/web/app_dev.php/account_setting,1425296996,
2307ea,14.141.173.146,GET,http://54.201.116.40/agent_panel_pro/web/app_dev.php/account_setting,1425296996,
340a0f,14.141.173.146,GET,http://54.201.116.40/agent_panel_pro/web/app_dev.php/account_setting,1425297058,
7e4803,14.141.173.146,GET,http://54.201.116.40/agent_panel_pro/web/app_dev.php/account_setting,1425297058,
cdaecb,14.141.173.146,GET,http://54.201.116.40/agent_panel_pro/web/app_dev.php/account_setting,1425297072,
8f1eae,14.141.173.146,GET,http://54.201.116.40/agent_panel_pro/web/app_dev.php/account_setting,1425297072,
0382f4,14.141.173.146,GET,http://54.201.116.40/agent_panel_pro/web/app_dev.php/account_setting,1425297100,
d77f99,14.141.173.146,GET,http://54.201.116.40/agent_panel_pro/web/app_dev.php/account_setting,1425297100,
7c08a9,14.141.173.146,GET,http://54.201.116.40/agent_panel_pro/web/app_dev.php/account_setting,1425297291,
d50afb,14.141.173.146,GET,http://54.201.116.40/agent_panel_pro/web/app_dev.php/account_setting,1425297320,
5ce1c2,14.141.173.146,GET,http://54.201.116.40/agent_panel_pro/web/app_dev.php/account_setting,1425297359,
8f816b,14.141.173.146,GET,http://54.201.116.40/agent_panel_pro/web/app_dev.php/account_setting,1425297412,
8d98ec,14.141.173.146,GET,http://54.201.116.40/agent_panel_pro/web/app_dev.php/account_setting,1425297931,
d69133,14.141.173.146,GET,http://54.201.116.40/agent_panel_pro/web/app_dev.php/addaccount,1425298203,
54a162,14.141.173.146,GET,http://54.201.116.40/agent_panel_pro/web/app_dev.php/account_setting,1425298208,
876a6e,14.141.173.146,GET,http://54.201.116.40/agent_panel_pro/web/app_dev.php/account_setting,1425298235,
c84049,14.141.173.146,GET,http://54.201.116.40/agent_panel_pro/web/app_dev.php/account_setting,1425298444,
e1855d,14.141.173.146,GET,http://54.201.116.40/agent_panel_pro/web/app_dev.php/,1425298651,
fba61b,14.141.173.146,POST,http://54.201.116.40/agent_panel_pro/web/app_dev.php/,1425298661,
79b593,14.141.173.146,GET,http://54.201.116.40/agent_panel_pro/web/app_dev.php/dashboard,1425298661,
75f071,14.141.173.146,GET,http://54.201.116.40/agent_panel_pro/web/app_dev.php/addaccount/30,1425298679,
db5a2a,14.141.173.146,GET,http://54.201.116.40/agent_panel_pro/web/app_dev.php/logout,1425298746,
4b5203,14.141.173.146,GET,http://54.201.116.40/agent_panel_pro/web/app_dev.php/,1425298746,
20851f,14.141.173.146,POST,http://54.201.116.40/agent_panel_pro/web/app_dev.php/,1425298756,
66fc70,14.141.173.146,GET,http://54.201.116.40/agent_panel_pro/web/app_dev.php/dashboard,1425298757,
add7ad,14.141.173.146,GET,http://54.201.116.40/agent_panel_pro/web/app_dev.php/addaccount,1425298760,
e19dfb,14.141.173.146,GET,http://54.201.116.40/agent_panel_pro/web/app_dev.php/logout,1425298790,
fbca0b,14.141.173.146,GET,http://54.201.116.40/agent_panel_pro/web/app_dev.php/,1425298791,
c5071f,14.141.173.146,POST,http://54.201.116.40/agent_panel_pro/web/app_dev.php/,1425298798,
31a420,14.141.173.146,GET,http://54.201.116.40/agent_panel_pro/web/app_dev.php/dashboard,1425298799,
2fdafa,14.141.173.146,GET,http://54.201.116.40/agent_panel_pro/web/app_dev.php/addaccount,1425298804,
ec2e1e,14.141.173.146,GET,http://54.201.116.40/agent_panel_pro/web/app_dev.php/account_setting,1425298916,
6ef4df,14.141.173.146,GET,http://54.201.116.40/agent_panel_pro/web/app_dev.php/account_setting,1425299174,
8db8a8,14.141.173.146,GET,http://54.201.116.40/agent_panel_pro/web/app_dev.php/account_setting,1425299621,
62a58c,14.141.173.146,GET,http://54.201.116.40/agent_panel_pro/web/app_dev.php/account_setting,1425299797,
e73f70,14.141.173.146,GET,http://54.201.116.40/agent_panel_pro/web/app_dev.php/account_setting,1425299916,
189dde,14.141.173.146,GET,http://54.201.116.40/agent_panel_pro/web/app_dev.php/account_setting,1425299970,
fe3a6a,14.141.173.146,GET,http://54.201.116.40/agent_panel_pro/web/app_dev.php/account_setting,1425300214,
1ed29c,14.141.173.146,GET,http://54.201.116.40/agent_panel_pro/web/app_dev.php/account_setting,1425300225,
95bacc,14.141.173.146,GET,http://54.201.116.40/agent_panel_pro/web/app_dev.php/account_setting,1425300374,
020363,14.141.173.146,GET,http://54.201.116.40/agent_panel_pro/web/app_dev.php/account_setting,1425300443,
4c34d7,14.141.173.146,GET,http://54.201.116.40/agent_panel_pro/web/app_dev.php/account_setting,1425300445,
65dfa0,14.141.173.146,GET,http://54.201.116.40/agent_panel_pro/web/app_dev.php/account_setting,1425300664,
09289a,14.141.173.146,GET,http://54.201.116.40/agent_panel_pro/web/app_dev.php/account_setting,1425300720,
2d080c,14.141.173.146,GET,http://54.201.116.40/agent_panel_pro/web/app_dev.php/account_setting,1425300864,
b8efdd,14.141.173.146,GET,http://54.201.116.40/agent_panel_pro/web/app_dev.php/account_setting,1425300965,
8e7118,14.141.173.146,GET,http://54.201.116.40/agent_panel_pro/web/app_dev.php/account_setting,1425301209,
c9691c,14.141.173.146,GET,http://54.201.116.40/agent_panel_pro/web/app_dev.php/account_setting,1425301534,
03e493,14.141.173.146,POST,http://54.201.116.40/agent_panel_pro/web/app_dev.php/account_setting,1425301614,
b07607,14.141.173.146,GET,http://54.201.116.40/agent_panel_pro/web/app_dev.php/account_setting,1425301801,
090d09,14.141.173.146,GET,http://54.201.116.40/agent_panel_pro/web/app_dev.php/account_setting,1425301813,
e80f0a,14.141.173.146,GET,http://54.201.116.40/agent_panel_pro/web/app_dev.php/account_setting,1425301835,
ac6fb0,14.141.173.146,GET,http://54.201.116.40/agent_panel_pro/web/app_dev.php/account_setting,1425301901,
b2268f,14.141.173.146,GET,http://54.201.116.40/agent_panel_pro/web/app_dev.php/account_setting,1425302914,
d060bd,14.141.173.146,GET,http://54.201.116.40/agent_panel_pro/web/app_dev.php/account_setting,1425303474,
6d18dd,14.141.173.146,GET,http://54.201.116.40/agent_panel_pro/web/app_dev.php/account_setting,1425303997,
e6804c,14.141.173.146,GET,http://54.201.116.40/agent_panel_pro/web/app_dev.php/account_setting,1425307525,
c34cda,14.141.173.146,POST,http://54.201.116.40/agent_panel_pro/web/app_dev.php/account_setting,1425307525,
ca2f47,14.141.173.146,GET,http://54.201.116.40/agent_panel_pro/web/app_dev.php/account_setting,1425307555,
2ba357,14.141.173.146,POST,http://54.201.116.40/agent_panel_pro/web/app_dev.php/account_setting,1425307555,
894d57,14.141.173.146,GET,http://54.201.116.40/agent_panel_pro/web/app_dev.php/account_setting,1425307654,
f3d3e9,14.141.173.146,GET,http://54.201.116.40/agent_panel_pro/web/app_dev.php/,1425307698,
03431e,14.141.173.146,POST,http://54.201.116.40/agent_panel_pro/web/app_dev.php/,1425307712,
88e899,14.141.173.146,GET,http://54.201.116.40/agent_panel_pro/web/app_dev.php/dashboard,1425307713,
5e02ac,14.141.173.146,GET,http://54.201.116.40/agent_panel_pro/web/app_dev.php/addaccount,1425307722,
d685ef,14.141.173.146,GET,http://54.201.116.40/agent_panel_pro/web/app_dev.php/addaccount,1425307762,
b2a24d,14.141.173.146,POST,http://54.201.116.40/agent_panel_pro/web/app_dev.php/addaccount,1425307762,
5932e0,14.141.173.146,POST,http://54.201.116.40/agent_panel_pro/web/app_dev.php/addaccount,1425307894,
9ad492,14.141.173.146,GET,http://54.201.116.40/agent_panel_pro/web/app_dev.php/manage_agent,1425307895,
c08a0e,14.141.173.146,POST,http://54.201.116.40/agent_panel_pro/web/app_dev.php/manage_agent,1425307951,
238310,14.141.173.146,GET,http://54.201.116.40/agent_panel_pro/web/app_dev.php/account_setting,1425307952,
47f9ea,14.141.173.146,GET,http://54.201.116.40/agent_panel_pro/web/app_dev.php/account_setting,1425308207,
f86193,14.141.173.146,GET,http://54.201.116.40/agent_panel_pro/web/app_dev.php/addaccount,1425308214,
1b6a56,14.141.173.146,GET,http://54.201.116.40/agent_panel_pro/web/app_dev.php/addaccount,1425308220,
7c844d,14.141.173.146,POST,http://54.201.116.40/agent_panel_pro/web/app_dev.php/addaccount,1425308287,
2298c0,14.141.173.146,GET,http://54.201.116.40/agent_panel_pro/web/app_dev.php/manage_agent,1425308288,
5144ab,14.141.173.146,POST,http://54.201.116.40/agent_panel_pro/web/app_dev.php/manage_agent,1425308331,
d0abbb,14.141.173.146,GET,http://54.201.116.40/agent_panel_pro/web/app_dev.php/account_setting,1425308333,
49b3c7,14.141.173.146,GET,http://54.201.116.40/agent_panel_pro/web/app_dev.php/account_setting,1425309725,
467229,14.141.173.146,GET,http://54.201.116.40/agent_panel_pro/web/app_dev.php/account_setting,1425309773,
93bc64,14.141.173.146,POST,http://54.201.116.40/agent_panel_pro/web/app_dev.php/account_setting,1425309773,
554772,14.141.173.146,POST,http://54.201.116.40/agent_panel_pro/web/app_dev.php/account_setting,1425309813,
4f6e72,14.141.173.146,GET,http://54.201.116.40/agent_panel_pro/web/app_dev.php/agentlist,1425309813,
d33dc5,14.141.173.146,POST,http://54.201.116.40/agent_panel_pro/web/app_dev.php/agents,1425309818,
240d02,14.141.173.146,GET,http://54.201.116.40/agent_panel_pro/web/app_dev.php/agentlist,1425309841,
276aaa,14.141.173.146,POST,http://54.201.116.40/agent_panel_pro/web/app_dev.php/agents,1425309843,
63d1a8,14.141.173.146,GET,http://54.201.116.40/agent_panel_pro/web/app_dev.php/agentlist,1425310001,
8f01f2,14.141.173.146,POST,http://54.201.116.40/agent_panel_pro/web/app_dev.php/agents,1425310004,
8aeb8e,14.141.173.146,GET,http://54.201.116.40/agent_panel_pro/web/app_dev.php/addaccount,1425310007,
523b4c,14.141.173.146,POST,http://54.201.116.40/agent_panel_pro/web/app_dev.php/addaccount,1425310058,
38f315,14.141.173.146,GET,http://54.201.116.40/agent_panel_pro/web/app_dev.php/manage_agent,1425310058,
705f66,14.141.173.146,POST,http://54.201.116.40/agent_panel_pro/web/app_dev.php/manage_agent,1425310099,
574f24,14.141.173.146,GET,http://54.201.116.40/agent_panel_pro/web/app_dev.php/account_setting,1425310100,
d363bc,14.141.173.146,POST,http://54.201.116.40/agent_panel_pro/web/app_dev.php/addaccount,1425313642,
9e5e37,14.141.173.146,GET,http://54.201.116.40/agent_panel_pro/web/app_dev.php/manage_agent,1425313643,
c27487,14.141.173.146,POST,http://54.201.116.40/agent_panel_pro/web/app_dev.php/manage_agent,1425313819,
f67f97,14.141.173.146,GET,http://54.201.116.40/agent_panel_pro/web/app_dev.php/account_setting,1425313820,
dd5ca0,14.141.173.146,POST,http://54.201.116.40/agent_panel_pro/web/app_dev.php/account_setting,1425313827,
eeecd0,14.141.173.146,GET,http://54.201.116.40/agent_panel_pro/web/app_dev.php/agentlist,1425313827,
2b1308,14.141.173.146,POST,http://54.201.116.40/agent_panel_pro/web/app_dev.php/agents,1425313830,
b9c599,14.141.173.146,GET,http://54.201.116.40/agent_panel_pro/web/app_dev.php/agentlist,1425314087,
cbf6fb,14.141.173.146,POST,http://54.201.116.40/agent_panel_pro/web/app_dev.php/agents,1425314090,
30708e,14.141.173.146,GET,http://54.201.116.40/agent_panel_pro/web/app_dev.php/agentlist,1425314626,
0e4b4a,14.141.173.146,GET,http://54.201.116.40/agent_panel_pro/web/app_dev.php/agentlist,1425314626,
bcc73a,14.141.173.146,GET,http://54.201.116.40/agent_panel_pro/web/app_dev.php/agentlist,1425314699,
6df3be,14.141.173.146,GET,http://54.201.116.40/agent_panel_pro/web/app_dev.php/agentlist,1425314699,
60cbca,14.141.173.146,GET,http://54.201.116.40/agent_panel_pro/web/app_dev.php/,1425314710,
2e075b,14.141.173.146,GET,http://54.201.116.40/agent_panel_pro/web/app_dev.php/,1425314710,
41b92f,14.141.173.146,GET,http://54.201.116.40/agent_panel_pro/web/app_dev.php/,1425314763,
44ccc4,14.141.173.146,GET,http://54.201.116.40/agent_panel_pro/web/app_dev.php/,1425314763,
43f7f3,14.141.173.146,GET,http://54.201.116.40/agent_panel_pro/web/app_dev.php/,1425314788,
260847,14.141.173.146,GET,http://54.201.116.40/agent_panel_pro/web/app_dev.php/,1425314888,
09d205,14.141.173.146,GET,http://54.201.116.40/agent_panel_pro/web/app_dev.php/,1425314921,
74bee5,14.141.173.146,GET,http://54.201.116.40/agent_panel_pro/web/app_dev.php/,1425314921,
d4149a,14.141.173.146,GET,http://54.201.116.40/agent_panel_pro/web/app_dev.php/,1425314975,
cda23f,14.141.173.146,GET,http://54.201.116.40/agent_panel_pro/web/app_dev.php/,1425315068,
159e62,14.141.173.146,GET,http://54.201.116.40/agent_panel_pro/web/app_dev.php/,1425315068,
50dc7e,14.141.173.146,GET,http://54.201.116.40/agent_panel_pro/web/app_dev.php/,1425315113,
26878a,14.141.173.146,GET,http://54.201.116.40/agent_panel_pro/web/app_dev.php/,1425315113,
d74fd8,14.141.173.146,GET,http://54.201.116.40/agent_panel_pro/web/app_dev.php/,1425315119,
10d372,14.141.173.146,POST,http://54.201.116.40/agent_panel_pro/web/app_dev.php/,1425315141,
483c5e,14.141.173.146,GET,http://54.201.116.40/agent_panel_pro/web/app_dev.php/dashboard,1425315142,
a43af3,14.141.173.146,GET,http://54.201.116.40/agent_panel_pro/web/app_dev.php/agentlist,1425315150,
aa9eb8,14.141.173.146,POST,http://54.201.116.40/agent_panel_pro/web/app_dev.php/agents,1425315154,
ab5110,14.141.173.146,GET,http://54.201.116.40/agent_panel_pro/web/app_dev.php/manage_agent/51,1425315185,
ef663c,14.141.173.146,GET,http://54.201.116.40/agent_panel_pro/web/app_dev.php/manage_agent/51,1425315232,
e1a5bf,14.141.173.146,POST,http://54.201.116.40/agent_panel_pro/web/app_dev.php/agents,1425315242,
795dc8,14.141.173.146,GET,http://54.201.116.40/agent_panel_pro/web/app_dev.php/agentlist,1425315257,
692748,14.141.173.146,POST,http://54.201.116.40/agent_panel_pro/web/app_dev.php/agents,1425315259,
461455,14.141.173.146,GET,http://54.201.116.40/agent_panel_pro/web/app_dev.php/account_setting/51,1425315263,
cb8f70,14.141.173.146,POST,http://54.201.116.40/agent_panel_pro/web/app_dev.php/agents,1425315842,
03b24e,14.141.173.146,GET,http://54.201.116.40/agent_panel_pro/web/app_dev.php/agentlist,1425315882,
1c4551,14.141.173.146,GET,http://54.201.116.40/agent_panel_pro/web/app_dev.php/agents,1425315885,
b4e6d7,14.141.173.146,POST,http://54.201.116.40/agent_panel_pro/web/app_dev.php/agents,1425315885,
ccc24b,14.141.173.146,GET,http://54.201.116.40/agent_panel_pro/web/app_dev.php/agentlist,1425315925,
8c23cb,14.141.173.146,POST,http://54.201.116.40/agent_panel_pro/web/app_dev.php/agents,1425315928,
8a9cfd,14.141.173.146,GET,http://54.201.116.40/agent_panel_pro/web/app_dev.php/account_setting/53,1425315978,
0bc9e1,14.141.173.146,GET,http://54.201.116.40/agent_panel_pro/web/app_dev.php/account_setting/53,1425317251,
88f316,14.141.173.146,GET,http://54.201.116.40/agent_panel_pro/web/app_dev.php/account_setting/53,1425318006,
addd72,14.141.173.146,GET,http://54.201.116.40/agent_panel_pro/web/app_dev.php/account_setting/53,1425318006,
16a2c4,14.141.173.146,GET,http://54.201.116.40/agent_panel_pro/web/app_dev.php/account_setting/53,1425318061,
9bc3a9,14.141.173.146,GET,http://54.201.116.40/agent_panel_pro/web/app_dev.php/account_setting/53,1425318170,
763424,14.141.173.146,GET,http://54.201.116.40/agent_panel_pro/web/app_dev.php/account_setting/53,1425318287,
10ba8d,14.141.173.146,GET,http://54.201.116.40/agent_panel_pro/web/app_dev.php/account_setting/53,1425318457,
22c722,14.141.173.146,GET,http://54.201.116.40/agent_panel_pro/web/app_dev.php/account_setting/53,1425318457,
da1a87,14.141.173.146,GET,http://54.201.116.40/agent_panel_pro/web/app_dev.php/account_setting/53,1425318497,
29fe51,14.141.173.146,GET,http://54.201.116.40/agent_panel_pro/web/app_dev.php/logout,1425318624,
869aa9,14.141.173.146,GET,http://54.201.116.40/agent_panel_pro/web/app_dev.php/,1425318625,
3caa76,14.141.173.146,POST,http://54.201.116.40/agent_panel_pro/web/app_dev.php/,1425318634,
8a9bc3,14.141.173.146,GET,http://54.201.116.40/agent_panel_pro/web/app_dev.php/dashboard,1425318638,
2fe812,14.141.173.146,GET,http://54.201.116.40/agent_panel_pro/web/app_dev.php/agentlist,1425318752,
02a670,14.141.173.146,POST,http://54.201.116.40/agent_panel_pro/web/app_dev.php/agents,1425318762,
f94401,14.141.173.146,GET,http://54.201.116.40/agent_panel_pro/web/app_dev.php/account_setting/53,1425318764,
ae9e74,14.141.173.146,GET,http://54.201.116.40/agent_panel_pro/web/app_dev.php/account_setting/53,1425319000,
09c323,14.141.173.146,GET,http://54.201.116.40/agent_panel_pro/web/app_dev.php/,1425376543,
e6aefb,14.141.173.146,POST,http://54.201.116.40/agent_panel_pro/web/app_dev.php/,1425376676,
21a644,14.141.173.146,GET,http://54.201.116.40/agent_panel_pro/web/app_dev.php/dashboard,1425376683,
60fe8e,14.141.173.146,GET,http://54.201.116.40/agent_panel_pro/web/app_dev.php/agentlist,1425376779,
253c36,14.141.173.146,POST,http://54.201.116.40/agent_panel_pro/web/app_dev.php/agents,1425376781,
462a70,14.141.173.146,GET,http://54.201.116.40/agent_panel_pro/web/app_dev.php/account_setting/53,1425376795,
b646c5,14.141.173.146,GET,http://54.201.116.40/agent_panel_pro/web/app_dev.php/account_setting/53,1425378352,
c40610,14.141.173.146,GET,http://54.201.116.40/agent_panel_pro/web/app_dev.php/account_setting,1425378666,
0f0c17,14.141.173.146,GET,http://54.201.116.40/agent_panel_pro/web/app_dev.php/account_setting,1425379010,
78f980,14.141.173.146,GET,http://54.201.116.40/agent_panel_pro/web/app_dev.php/account_setting/53,1425379019,
2080bc,14.141.173.146,GET,http://54.201.116.40/agent_panel_pro/web/app_dev.php/account_setting/53,1425380026,
a75ddc,14.141.173.146,GET,http://54.201.116.40/agent_panel_pro/web/app_dev.php/logout,1425380206,
b43d1f,14.141.173.146,GET,http://54.201.116.40/agent_panel_pro/web/app_dev.php/,1425380207,
69d90b,14.141.173.146,POST,http://54.201.116.40/agent_panel_pro/web/app_dev.php/,1425380216,
c716cd,14.141.173.146,GET,http://54.201.116.40/agent_panel_pro/web/app_dev.php/dashboard,1425380217,
7665c5,14.141.173.146,GET,http://54.201.116.40/agent_panel_pro/web/app_dev.php/account_setting,1425380884,
ede340,14.141.173.146,GET,http://54.201.116.40/agent_panel_pro/web/app_dev.php/account_setting,1425380897,
d4c27a,14.141.173.146,POST,http://54.201.116.40/agent_panel_pro/web/app_dev.php/account_setting,1425381000,
64c835,14.141.173.146,GET,http://54.201.116.40/agent_panel_pro/web/app_dev.php/agentlist,1425381001,
75592e,14.141.173.146,POST,http://54.201.116.40/agent_panel_pro/web/app_dev.php/agents,1425381002,
d46dd1,14.141.173.146,GET,http://54.201.116.40/agent_panel_pro/web/app_dev.php/accountlist,1425381269,
75e25f,14.141.173.146,POST,http://54.201.116.40/agent_panel_pro/web/app_dev.php/accounts,1425381270,
7d0432,14.141.173.146,GET,http://54.201.116.40/agent_panel_pro/web/app_dev.php/agentlist,1425381277,
dc3a1f,14.141.173.146,POST,http://54.201.116.40/agent_panel_pro/web/app_dev.php/agents,1425381278,
4a04c9,14.141.173.146,GET,http://54.201.116.40/agent_panel_pro/web/app_dev.php/account_setting/53,1425381280,
3a34b2,14.141.173.146,POST,http://54.201.116.40/agent_panel_pro/web/app_dev.php/account_setting,1425381286,
796df3,14.141.173.146,GET,http://54.201.116.40/agent_panel_pro/web/app_dev.php/agentlist,1425381287,
058b47,14.141.173.146,POST,http://54.201.116.40/agent_panel_pro/web/app_dev.php/agents,1425381288,
8d43a5,14.141.173.146,GET,http://54.201.116.40/agent_panel_pro/web/app_dev.php/account_setting/53,1425381292,
95828b,14.141.173.146,GET,http://54.201.116.40/agent_panel_pro/web/app_dev.php/account_setting/53,1425381792,
8c4b7d,14.141.173.146,GET,http://54.201.116.40/agent_panel_pro/web/app_dev.php/account_setting,1425381807,
1a3284,14.141.173.146,GET,http://54.201.116.40/agent_panel_pro/web/app_dev.php/account_setting,1425381842,
b8f0f6,14.141.173.146,GET,http://54.201.116.40/agent_panel_pro/web/app_dev.php/account_setting/53,1425381846,
af75c4,14.141.173.146,GET,http://54.201.116.40/agent_panel_pro/web/app_dev.php/account_setting,1425381860,
7e122f,14.141.173.146,GET,http://54.201.116.40/agent_panel_pro/web/app_dev.php/account_setting/53,1425382349,
7e3875,14.141.173.146,POST,http://54.201.116.40/agent_panel_pro/web/app_dev.php/account_setting,1425382353,
f1300a,14.141.173.146,GET,http://54.201.116.40/agent_panel_pro/web/app_dev.php/agentlist,1425382354,
04e216,14.141.173.146,POST,http://54.201.116.40/agent_panel_pro/web/app_dev.php/agents,1425382356,
91b666,14.141.173.146,GET,http://54.201.116.40/agent_panel_pro/web/app_dev.php/account_setting/53,1425382450,
941494,14.141.173.146,GET,http://54.201.116.40/agent_panel_pro/web/app_dev.php/account_setting/53,1425382522,
6cc95c,14.141.173.146,POST,http://54.201.116.40/agent_panel_pro/web/app_dev.php/account_setting,1425382762,
5dbfbc,14.141.173.146,GET,http://54.201.116.40/agent_panel_pro/web/app_dev.php/agentlist,1425382763,
fb86ca,14.141.173.146,POST,http://54.201.116.40/agent_panel_pro/web/app_dev.php/agents,1425382782,
2e1525,14.141.173.146,GET,http://54.201.116.40/agent_panel_pro/web/app_dev.php/account_setting/53,1425382869,
0c23ea,14.141.173.146,GET,http://54.201.116.40/agent_panel_pro/web/app_dev.php/account_setting/53,1425383042,
39162b,14.141.173.146,GET,http://54.201.116.40/agent_panel_pro/web/app_dev.php/account_setting/53,1425383639,
c0b675,14.141.173.146,GET,http://54.201.116.40/agent_panel_pro/web/app_dev.php/account_setting,1425383641,
c324cb,14.141.173.146,GET,http://54.201.116.40/agent_panel_pro/web/app_dev.php/theme,1425383693,
66900e,14.141.173.146,GET,http://54.201.116.40/agent_panel_pro/web/app_dev.php/theme,1425383693,
88e205,14.141.173.146,GET,http://54.201.116.40/agent_panel_pro/web/app_dev.php/addaccount/0,1425383701,
cb329d,14.141.173.146,GET,http://54.201.116.40/agent_panel_pro/web/app_dev.php/account_setting,1425383709,
a9318f,14.141.173.146,POST,http://54.201.116.40/agent_panel_pro/web/app_dev.php/account_setting/53,1425383884,
7f4eb0,14.141.173.146,GET,http://54.201.116.40/agent_panel_pro/web/app_dev.php/agentlist,1425383885,
1d241c,14.141.173.146,POST,http://54.201.116.40/agent_panel_pro/web/app_dev.php/agents,1425383889,
2b01e5,14.141.173.146,GET,http://54.201.116.40/agent_panel_pro/web/app_dev.php/agentlist,1425384112,
b19d42,14.141.173.146,POST,http://54.201.116.40/agent_panel_pro/web/app_dev.php/account_setting/53,1425384120,
df65cf,14.141.173.146,GET,http://54.201.116.40/agent_panel_pro/web/app_dev.php/agentlist,1425384122,
e8f281,14.141.173.146,POST,http://54.201.116.40/agent_panel_pro/web/app_dev.php/agents,1425384124,
e7aa91,14.141.173.146,GET,http://54.201.116.40/agent_panel_pro/web/app_dev.php/account_setting/53,1425384178,
2ab446,14.141.173.146,GET,http://54.201.116.40/agent_panel_pro/web/app_dev.php/logout,1425384187,
656d8f,14.141.173.146,GET,http://54.201.116.40/agent_panel_pro/web/app_dev.php/,1425384187,
862079,14.141.173.146,POST,http://54.201.116.40/agent_panel_pro/web/app_dev.php/,1425384199,
4c7eec,14.141.173.146,GET,http://54.201.116.40/agent_panel_pro/web/app_dev.php/dashboard,1425384199,
ef09af,14.141.173.146,GET,http://54.201.116.40/agent_panel_pro/web/app_dev.php/addaccount,1425384218,
d887b5,14.141.173.146,POST,http://54.201.116.40/agent_panel_pro/web/app_dev.php/addaccount,1425384247,
51a81e,14.141.173.146,GET,http://54.201.116.40/agent_panel_pro/web/app_dev.php/manage_agent,1425384248,
9f23a5,14.141.173.146,POST,http://54.201.116.40/agent_panel_pro/web/app_dev.php/manage_agent,1425384277,
a82783,14.141.173.146,GET,http://54.201.116.40/agent_panel_pro/web/app_dev.php/account_setting,1425384277,
3631ce,14.141.173.146,GET,http://54.201.116.40/agent_panel_pro/web/app_dev.php/account_setting/,1425384301,
bc9ba1,14.141.173.146,POST,http://54.201.116.40/agent_panel_pro/web/app_dev.php/account_setting/,1425384301,
8bb2d1,14.141.173.146,GET,http://54.201.116.40/agent_panel_pro/web/app_dev.php/account_setting,1425384780,
f6154e,14.141.173.146,GET,http://54.201.116.40/agent_panel_pro/web/app_dev.php/addaccount,1425384797,
6751b4,14.141.173.146,POST,http://54.201.116.40/agent_panel_pro/web/app_dev.php/addaccount,1425384878,
276865,14.141.173.146,GET,http://54.201.116.40/agent_panel_pro/web/app_dev.php/manage_agent,1425384879,
59c60e,14.141.173.146,POST,http://54.201.116.40/agent_panel_pro/web/app_dev.php/manage_agent,1425384902,
a85399,14.141.173.146,GET,http://54.201.116.40/agent_panel_pro/web/app_dev.php/account_setting,1425384903,
5ca2af,14.141.173.146,GET,http://54.201.116.40/agent_panel_pro/web/app_dev.php/account_setting/53,1425384935,
7ccf82,14.141.173.146,POST,http://54.201.116.40/agent_panel_pro/web/app_dev.php/account_setting,1425385074,
9a2130,14.141.173.146,GET,http://54.201.116.40/agent_panel_pro/web/app_dev.php/agentlist,1425385075,
dccea2,14.141.173.146,POST,http://54.201.116.40/agent_panel_pro/web/app_dev.php/agents,1425385076,
86b84e,14.141.173.146,GET,http://54.201.116.40/agent_panel_pro/web/app_dev.php/addaccount,1425385265,
558f99,14.141.173.146,POST,http://54.201.116.40/agent_panel_pro/web/app_dev.php/addaccount,1425385282,
9f1ec4,14.141.173.146,GET,http://54.201.116.40/agent_panel_pro/web/app_dev.php/manage_agent,1425385283,
6bc557,14.141.173.146,POST,http://54.201.116.40/agent_panel_pro/web/app_dev.php/manage_agent,1425385301,
98d111,14.141.173.146,GET,http://54.201.116.40/agent_panel_pro/web/app_dev.php/account_setting,1425385301,
772f6a,14.141.173.146,POST,http://54.201.116.40/agent_panel_pro/web/app_dev.php/account_setting,1425385431,
6f5d55,14.141.173.146,GET,http://54.201.116.40/agent_panel_pro/web/app_dev.php/agentlist,1425385431,
7ade88,14.141.173.146,POST,http://54.201.116.40/agent_panel_pro/web/app_dev.php/agents,1425385436,
1e1648,14.141.173.146,GET,http://54.201.116.40/agent_panel_pro/web/app_dev.php/account_setting/56,1425385441,
0d5f6a,14.141.173.146,POST,http://54.201.116.40/agent_panel_pro/web/app_dev.php/account_setting/56,1425385468,
ac08e4,14.141.173.146,GET,http://54.201.116.40/agent_panel_pro/web/app_dev.php/agentlist,1425385470,
91eb21,14.141.173.146,POST,http://54.201.116.40/agent_panel_pro/web/app_dev.php/agents,1425385471,
4cac5e,14.141.173.146,GET,http://54.201.116.40/agent_panel_pro/web/app_dev.php/account_setting/56,1425385484,
4476e8,14.141.173.146,POST,http://54.201.116.40/agent_panel_pro/web/app_dev.php/account_setting/56,1425385493,
ada4f9,14.141.173.146,GET,http://54.201.116.40/agent_panel_pro/web/app_dev.php/agentlist,1425385494,
28b050,14.141.173.146,POST,http://54.201.116.40/agent_panel_pro/web/app_dev.php/agents,1425385496,
d1e96e,14.141.173.146,GET,http://54.201.116.40/agent_panel_pro/web/app_dev.php/logout,1425385764,
a7c188,14.141.173.146,GET,http://54.201.116.40/agent_panel_pro/web/app_dev.php/,1425385767,
5b69fe,14.141.173.146,POST,http://54.201.116.40/agent_panel_pro/web/app_dev.php/,1425385776,
8bbd8c,14.141.173.146,GET,http://54.201.116.40/agent_panel_pro/web/app_dev.php/dashboard,1425385777,
e9d6fb,14.141.173.146,GET,http://54.201.116.40/agent_panel_pro/web/app_dev.php/dashboard,1425386361,
75fefe,14.141.173.146,GET,http://54.201.116.40/agent_panel_pro/web/app_dev.php/,1425386378,
d3cd52,14.141.173.146,POST,http://54.201.116.40/agent_panel_pro/web/app_dev.php/,1425386448,
8b96cb,14.141.173.146,GET,http://54.201.116.40/agent_panel_pro/web/app_dev.php/dashboard,1425386448,
544ea9,14.141.173.146,GET,http://54.201.116.40/agent_panel_pro/web/app_dev.php/theme,1425386474,
747a9f,14.141.173.146,GET,http://54.201.116.40/agent_panel_pro/web/app_dev.php/theme,1425386474,
aac582,14.141.173.146,GET,http://54.201.116.40/agent_panel_pro/web/app_dev.php/theme,1425386483,
3a997b,14.141.173.146,GET,http://54.201.116.40/agent_panel_pro/web/app_dev.php/dashboard,1425386820,
d90df6,14.141.173.146,GET,http://54.201.116.40/agent_panel_pro/web/app_dev.php/account_setting/56,1425386827,
679631,14.141.173.146,POST,http://54.201.116.40/agent_panel_pro/web/app_dev.php/account_setting/56,1425386836,
00c28b,14.141.173.146,GET,http://54.201.116.40/agent_panel_pro/web/app_dev.php/agentlist,1425386837,
451194,14.141.173.146,POST,http://54.201.116.40/agent_panel_pro/web/app_dev.php/agents,1425386838,
e2772d,14.141.173.146,GET,http://54.201.116.40/agent_panel_pro/web/app_dev.php/addaccount/56,1425386885,
864c96,14.141.173.146,POST,http://54.201.116.40/agent_panel_pro/web/app_dev.php/addaccount/56,1425386891,
10dd24,14.141.173.146,GET,http://54.201.116.40/agent_panel_pro/web/app_dev.php/accountlist,1425386891,
e93aba,14.141.173.146,POST,http://54.201.116.40/agent_panel_pro/web/app_dev.php/accounts,1425386893,
35e99f,14.141.173.146,GET,http://54.201.116.40/agent_panel_pro/web/app_dev.php/accountlist,1425387524,
2e0213,14.141.173.146,POST,http://54.201.116.40/agent_panel_pro/web/app_dev.php/accounts,1425387528,
eceef4,14.141.173.146,GET,http://54.201.116.40/agent_panel_pro/web/app_dev.php/,1425388146,
141199,14.141.173.146,GET,http://54.201.116.40/agent_panel_pro/web/app_dev.php/accountlist,1425388148,
f2034b,14.141.173.146,POST,http://54.201.116.40/agent_panel_pro/web/app_dev.php/,1425388154,
72810e,14.141.173.146,GET,http://54.201.116.40/agent_panel_pro/web/app_dev.php/dashboard,1425388155,
914f26,14.141.173.146,POST,http://54.201.116.40/agent_panel_pro/web/app_dev.php/accounts,1425388164,
246d2a,14.141.173.146,GET,http://54.201.116.40/agent_panel_pro/web/app_dev.php/manage_signature,1425388174,
64cc15,14.141.173.146,GET,http://54.201.116.40/agent_panel_pro/web/app_dev.php/addaccount/56,1425388206,
7dab0f,14.141.173.146,POST,http://54.201.116.40/agent_panel_pro/web/app_dev.php/addaccount/56,1425388251,
a398ea,14.141.173.146,GET,http://54.201.116.40/agent_panel_pro/web/app_dev.php/accountlist,1425388252,
667b84,14.141.173.146,POST,http://54.201.116.40/agent_panel_pro/web/app_dev.php/accounts,1425388256,
7bb908,14.141.173.146,GET,http://54.201.116.40/agent_panel_pro/web/app_dev.php/accountlist,1425388471,
ea656a,14.141.173.146,POST,http://54.201.116.40/agent_panel_pro/web/app_dev.php/accounts,1425388475,
14956c,14.141.173.146,GET,http://54.201.116.40/agent_panel_pro/web/app_dev.php/accountlist,1425388492,
1e4a92,14.141.173.146,POST,http://54.201.116.40/agent_panel_pro/web/app_dev.php/accounts,1425388495,
b547a6,14.141.173.146,POST,http://54.201.116.40/agent_panel_pro/web/app_dev.php/accounts,1425388548,
4cfcc7,14.141.173.146,POST,http://54.201.116.40/agent_panel_pro/web/app_dev.php/accounts,1425388550,
955514,14.141.173.146,POST,http://54.201.116.40/agent_panel_pro/web/app_dev.php/accounts,1425388551,
c2eb71,14.141.173.146,POST,http://54.201.116.40/agent_panel_pro/web/app_dev.php/accounts,1425388552,
11b44a,14.141.173.146,GET,http://54.201.116.40/agent_panel_pro/web/app_dev.php/account_setting/56,1425389331,
80c293,14.141.173.146,GET,http://54.201.116.40/agent_panel_pro/web/app_dev.php/dashboard,1425389568,
04ddbf,14.141.173.146,GET,http://54.201.116.40/agent_panel_pro/web/app_dev.php/dashboard,1425390313,
188dc1,14.141.173.146,GET,http://54.201.116.40/agent_panel_pro/web/app_dev.php/dashboard,1425390328,
873785,14.141.173.146,GET,http://54.201.116.40/agent_panel_pro/web/app_dev.php/manage_signature,1425390365,
8222f1,14.141.173.146,GET,http://54.201.116.40/agent_panel_pro/web/app_dev.php/forgot_password,1425390378,
28f2d8,14.141.173.146,GET,http://54.201.116.40/agent_panel_pro/web/app_dev.php/forgot_password,1425390556,
1f1179,14.141.173.146,GET,http://54.201.116.40/agent_panel_pro/web/app_dev.php/forgot_password,1425390627,
3e57b5,14.141.173.146,GET,http://54.201.116.40/agent_panel_pro/web/app_dev.php/forgot_password,1425390760,
6f3605,14.141.173.146,GET,http://54.201.116.40/agent_panel_pro/web/app_dev.php/forgot_password,1425390986,
7f881c,14.141.173.146,GET,http://54.201.116.40/agent_panel_pro/web/app_dev.php/forgot_password,1425391393,
7fa3b5,14.141.173.146,GET,http://54.201.116.40/agent_panel_pro/web/app_dev.php/forgot_password,1425391829,
bb0245,14.141.173.146,GET,http://54.201.116.40/agent_panel_pro/web/app_dev.php/forgot_password,1425391832,
8ff566,14.141.173.146,GET,http://54.201.116.40/agent_panel_pro/web/app_dev.php/forgot_password,1425391850,
a8e088,14.141.173.146,GET,http://54.201.116.40/agent_panel_pro/web/app_dev.php/forgot_password,1425391872,
09f5f8,14.141.173.146,GET,http://54.201.116.40/agent_panel_pro/web/app_dev.php/forgot_password,1425391989,
0f6463,14.141.173.146,GET,http://54.201.116.40/agent_panel_pro/web/app_dev.php/forgot_password,1425391993,
f4eb57,14.141.173.146,GET,http://54.201.116.40/agent_panel_pro/web/app_dev.php/forgot_password,1425392088,
4aa467,14.141.173.146,GET,http://54.201.116.40/agent_panel_pro/web/app_dev.php/forgot_password,1425392088,
558396,14.141.173.146,GET,http://54.201.116.40/agent_panel_pro/web/app_dev.php/forgot_password,1425392107,
9cdb8e,14.141.173.146,GET,http://54.201.116.40/agent_panel_pro/web/app_dev.php/forgot_password,1425392270,
901f96,14.141.173.146,GET,http://54.201.116.40/agent_panel_pro/web/app_dev.php/forgot_password,1425392315,
0c17d5,14.141.173.146,GET,http://54.201.116.40/agent_panel_pro/web/app_dev.php/forgot_password,1425392329,
782557,14.141.173.146,GET,http://54.201.116.40/agent_panel_pro/web/app_dev.php/forgot_password,1425392397,
0be4cb,14.141.173.146,POST,http://54.201.116.40/agent_panel_pro/web/app_dev.php/forgot_password,1425392408,
7adf5e,14.141.173.146,GET,http://54.201.116.40/agent_panel_pro/web/app_dev.php/forgot_password,1425393027,
37ebf7,14.141.173.146,GET,http://54.201.116.40/agent_panel_pro/web/app_dev.php/forgot_password,1425393027,
1ce5f2,14.141.173.146,GET,http://54.201.116.40/agent_panel_pro/web/app_dev.php/forgot_password,1425393057,
2c1341,14.141.173.146,GET,http://54.201.116.40/agent_panel_pro/web/app_dev.php/forgot_password,1425393134,
c80b7f,14.141.173.146,GET,http://54.201.116.40/agent_panel_pro/web/app_dev.php/forgot_password,1425393139,
c56a42,14.141.173.146,GET,http://54.201.116.40/agent_panel_pro/web/app_dev.php/forgot_password,1425393208,
f29a8b,14.141.173.146,GET,http://54.201.116.40/agent_panel_pro/web/app_dev.php/forgot_password,1425393215,
c748b5,14.141.173.146,GET,http://54.201.116.40/agent_panel_pro/web/app_dev.php/forgot_password,1425393227,
4bae04,14.141.173.146,GET,http://54.201.116.40/agent_panel_pro/web/app_dev.php/forgot_password,1425393733,
967822,14.141.173.146,GET,http://54.201.116.40/agent_panel_pro/web/app_dev.php/forgot_password,1425393745,
2aa643,14.141.173.146,POST,http://54.201.116.40/agent_panel_pro/web/app_dev.php/forgot_password,1425393761,
22e477,14.141.173.146,POST,http://54.201.116.40/agent_panel_pro/web/app_dev.php/forgot_password,1425393837,
645351,14.141.173.146,GET,http://54.201.116.40/agent_panel_pro/web/app_dev.php/,1425480107,
8d7dcf,14.141.173.146,POST,http://54.201.116.40/agent_panel_pro/web/app_dev.php/,1425480115,
c98230,14.141.173.146,GET,http://54.201.116.40/agent_panel_pro/web/app_dev.php/dashboard,1425480115,
